frame,worm,length,length_y,width,aspect,area_xz,volume,voxels,cx,cy,cz
10,1.0,0.09114571666666667,0.078125,0.007742290747628134,11.77244818590536,0.0001754751757824,1.3708998108e-05,920.0,0.18289482730434783,0.5980044157608696,0.076806444
10,2.0,0.09374988,0.1484375,0.0100197714889674,9.356488828435499,0.00014435543637018948,2.14277600862e-05,1438.0,0.2382100125730181,0.565759735744089,0.006791098748261474
10,3.0,0.15364563666666667,0.11328125,0.008342016679879197,18.418284518329642,0.0002533472178087724,2.86994895174e-05,1926.0,0.254372077258567,0.4227308865524403,0.10985032398753895
10,4.0,0.11197902333333333,0.078125,0.006701470537621685,16.709619583446543,0.00019760030664191998,1.54375239564e-05,1036.0,0.24690943366795368,0.041264478764478765,0.2557060146718147
10,5.0,0.0781249,0.078125,0.00784806846759753,9.954665956668926,0.0001611701342784,1.25914167405e-05,845.0,0.33236555076923074,0.9280464127218935,0.32481888000000003
10,6.0,0.10416653333333332,0.0859375,0.00752464791216584,13.84337640102961,0.00016611187588887275,1.42752393342e-05,958.0,0.36882775164926934,0.1353079331941545,0.07574354304801671
20,1.0,0.11718735,0.15625,0.010172274717743447,11.520269875880436,0.00024318570556800003,3.7997766495e-05,2550.0,0.0387108384,0.5716804534313725,0.38641062230588236
20,2.0,0.11197902333333333,0.11328125,0.010433504466042024,10.732637695971855,0.0002874162361953103,3.25588705065e-05,2185.0,0.05999251661327232,0.08470394736842106,0.373254193208238
20,3.0,0.09114571666666667,0.12890625,0.006089841128532558,14.966846382843102,0.00010577060990836364,1.36344926835e-05,915.0,0.12517684826229508,0.1846524931693989,0.20174982504918032
20,4.0,0.09114571666666667,0.11328125,0.009697006898103528,9.399365971833257,0.00020112559503095173,2.2783758812100003e-05,1529.0,0.1714811257553957,0.06842452174623938,0.41096761616742966
20,5.0,0.08593739,0.11328125,0.006271211426803752,13.703475158355443,0.00013956458883442757,1.58100510789e-05,1061.0,0.25015398967012253,0.17342498232799247,0.12267103080113101
20,6.0,0.0781249,0.0625,0.007021733795241649,11.126155202998746,0.0002143372052016,1.33960753251e-05,899.0,0.24375545913236932,0.4392206618464961,0.4429237305450501
20,7.0,0.12239567666666666,0.1484375,0.008673847924273245,14.110885703235548,0.00018581496016774736,2.7581908149900003e-05,1851.0,0.26721551662884924,0.8445814762290653,0.17602559948136143
20,8.0,0.09635404333333333,0.11328125,0.009292298743308712,10.36923650380019,0.00022019898370295173,2.49444161226e-05,1674.0,0.31349209433691755,0.8884641950418161,0.3130919030824373
20,9.0,0.09114571666666667,0.140625,0.008573381880811626,10.631244231714787,0.0001585210525184,2.22920230104e-05,1496.0,0.3293109154010695,0.2124963444184492,0.2891544548663102
20,10.0,0.14062481999999998,0.15625,0.010787809500591928,13.035530521027821,0.00032062366357632,5.0097447433800004e-05,3362.0,0.42048663547888165,0.41676503941106485,0.1269812660559191
20,11.0,0.0781249,0.08203125,0.007472243141044291,10.455347681456946,0.00023832653273965713,1.9550223388800002e-05,1312.0,0.4189993203658537,0.6581346465320121,0.3627726874390244
30,1.0,0.11979151333333332,0.15234375,0.00834893199985321,14.34812420743629,0.00015806459535360002,2.40801531984e-05,1616.0,0.014096063465346535,0.25243898901608913,0.4635179192079208
30,2.0,0.11458318666666666,0.16015625,0.009087410628504667,12.609002866806879,0.00023288142363910244,3.72974155047e-05,2503.0,0.04132140215741111,0.5713768477826608,0.39295088926887733
30,3.0,0.10677069666666666,0.18359375,0.010150035156590584,10.51924402422771,0.00016622255319257874,3.0517421875200002e-05,2048.0,0.095621817890625,0.25754547119140625,0.32437718320312503
30,4.0,0.13020816666666665,0.2109375,0.011346306727820681,11.475819382478136,0.0002148935123712,4.53291002658e-05,3042.0,0.14033892717948718,0.9162352071005917,0.4747757353846154
30,5.0,0.09374988,0.171875,0.010551482534590243,8.884995989204914,0.00024838753884218184,4.26916082385e-05,2865.0,0.14411503246073298,0.8358379690226876,0.4076942006282723
30,6.0,0.10156237,0.13671875,0.00968303984539772,10.488686571735204,0.00016381316099437716,2.2396330604700002e-05,1503.0,0.1480823616766467,0.9392023245176314,0.28820280303393214
30,7.0,0.0781249,0.09375,0.007351288267286849,10.627375387747334,0.0001196855139168,1.1220516929700001e-05,753.0,0.15153409912350596,0.0463562416998672,0.34673716015936257
30,8.0,0.10677069666666666,0.109375,0.00814683430113413,13.105789650318897,0.00015435820975268574,1.6882929191700002e-05,1133.0,0.14421886347749338,0.32490139563106796,0.2803184019770521
30,9.0,0.16406229,0.2734375,0.011327353965263411,14.483725899545052,0.00026964322042587424,7.37305680852e-05,4948.0,0.18048084038803558,0.6446757212510105,0.15392148727566693
30,10.0,0.11979151333333332,0.18359375,0.010220941076651655,11.720203886800668,0.00020996960210410213,3.85491066363e-05,2587.0,0.18861008804020102,0.13831628092385,0.21153414512562815
30,11.0,0.14322898333333334,0.22265625,0.008915845624501893,16.06454276638905,0.00014428851219941056,3.21267390444e-05,2156.0,0.19016830085343228,0.4334107577690167,0.18200342582560297
30,12.0,0.09374988,0.13671875,0.006776400373260594,13.834761058383341,9.525795256758858e-05,1.3023548202600001e-05,874.0,0.20191774681922198,0.16123784324942791,0.32640344787185355
30,13.0,0.10937485999999999,0.1328125,0.008562096776405799,12.774307842606916,0.00016391894617524705,2.17704850389e-05,1461.0,0.24957558242299796,0.26699125171115673,0.17747591030800822
30,14.0,0.0781249,0.08203125,0.009238167415727468,8.456752999192966,0.00024613753952914283,2.01909700395e-05,1355.0,0.25942478559409593,0.7287534594095941,0.23145553062730626
30,15.0,0.0781249,0.07421875,0.007600739030891199,10.278592605598211,0.00019374547440505262,1.4379546928500001e-05,965.0,0.26466091573056993,0.5150137629533679,0.35617217757512953
30,16.0,0.08854155333333333,0.12890625,0.008546918622717718,10.35947073346291,0.00014403298354734545,1.85667517854e-05,1246.0,0.28112544654895666,0.7619570124398074,0.03904358985553772
30,17.0,0.08072906333333332,0.08203125,0.007491263964875991,10.776427544382985,0.0003269723772342857,2.6821952820000003e-05,1800.0,0.30125139893333336,0.07748914930555556,0.3369793890666667
30,18.0,0.09895820666666666,0.17578125,0.012330695880854677,8.025354580378117,0.00025575294943744,4.4956573143300006e-05,3017.0,0.3132449720384488,0.8961807569605569,0.3108943658999006
30,19.0,0.12239567666666666,0.16015625,0.007772344507389368,15.747587687383382,0.0001497028408451122,2.3975845604100003e-05,1609.0,0.3157827236793039,0.5508735045059043,0.3704555172156619
30,20.0,0.17187478,0.1796875,0.009127832138952642,18.82974811363276,0.00021295853091172175,3.82659860232e-05,2568.0,0.35314889028037383,0.5924159730334891,0.15061460542056074
30,21.0,0.08854155333333333,0.12890625,0.007996590411080908,11.072413213841855,0.00018402930161105457,2.3722527160800002e-05,1592.0,0.33656109859296485,0.6470708032349246,0.351873215879397
30,22.0,0.08333322666666666,0.10546875,0.010067190361493405,8.277704471091843,0.0003580145695914667,3.7759349136600004e-05,2534.0,0.3423447850986583,0.6280321995856354,0.25370057635359117
30,23.0,0.13020816666666665,0.22265625,0.007852858877809607,16.5809889993828,0.00010814945997877894,2.40801531984e-05,1616.0,0.3361831972277228,0.2890383276608911,0.15173180138613862
30,24.0,0.08854155333333333,0.08984375,0.008487139576602638,10.432437517279066,0.00023153435292271306,2.08019145204e-05,1396.0,0.354390546017192,0.9472768176934098,0.15075400160458455
30,25.0,0.09895820666666666,0.18359375,0.010479166108294833,9.443328375941654,0.00014495775390720002,2.66133376314e-05,1786.0,0.35739690141097424,0.15282054871220604,0.01005430306830907
30,26.0,0.11458318666666666,0.05078125,0.007860420197544214,14.57723426827299,0.0005545954552320001,2.8163050461000004e-05,1890.0,0.40131965714285717,0.016846478174603174,0.44354011784126984
30,27.0,0.10156237,0.01953125,0.006070852755178182,16.729506396506086,0.0002784714746112,5.4388959885e-06,365.0,0.40272799298630135,0.9921553938356165,0.4498490196164384
30,28.0,0.16406229,0.2734375,0.009815525201962211,16.714570705518895,0.00012724675014034285,3.4794033241500006e-05,2335.0,0.43748131446680943,0.4463028640256959,0.4412880164453961
30,29.0,0.13541649333333333,0.2265625,0.009931836371232306,13.634587630296545,0.00014252425259387585,3.2290650978300004e-05,2167.0,0.4602603439963083,0.8246748096446701,0.2034255146469774
30,30.0,0.09635404333333333,0.17578125,0.007713629179671189,12.491402048113576,8.154933289984e-05,1.4334843673800001e-05,962.0,0.4793691437837838,0.2187418788981289,0.02645036108108108
40,1.0,0.08854155333333333,0.09765625,0.009763836250797665,9.068316085913448,0.000177611395313664,1.73448628236e-05,1164.0,0.022301475876288657,0.03314271907216495,0.11329270556701031
40,2.0,0.09895820666666666,0.1484375,0.011471032840338942,8.626791331175605,0.0003066800125945263,4.5522814369500006e-05,3055.0,0.0692056585531915,0.5841921542553191,0.04623620017021277
40,3.0,0.12239567666666666,0.1796875,0.011319686288866038,10.812638578778827,0.0002955545966391652,5.31074665836e-05,3564.0,0.15664581373737374,0.18617161195286194,0.04842192202020203
40,4.0,0.11197902333333333,0.19140625,0.012625544080969229,8.8692433858848,0.0003035393568658286,5.80993300251e-05,3899.0,0.17284786396511925,0.18795384233136703,0.4354225316029751
40,5.0,0.11458318666666666,0.12109375,0.009827292279203993,11.65969052422931,0.0003238784450626065,3.92196554568e-05,2632.0,0.21884516662613981,0.8629814542173252,0.47015501671732524
40,6.0,0.13541649333333333,0.11328125,0.007751494459738403,17.469727165089576,0.00018270990941660688,2.0697606926100003e-05,1389.0,0.21936392051835854,0.4437348137149028,0.4774232400863931
40,7.0,0.16145812666666665,0.203125,0.010325729814443655,15.636485707849786,0.0001938149725824,3.9368666305800004e-05,2642.0,0.2619694277668433,0.3353653127365632,0.42670792896290693
40,8.0,0.20312474,0.171875,0.007996090102465228,25.40300789474293,0.0003153177936366545,5.41952457813e-05,3637.0,0.33177639236733575,0.9405115823480891,0.30269171290624136
40,9.0,0.10156237,0.171875,0.007646653896342237,13.281936305314169,7.542658247563637e-05,1.2963943863000002e-05,870.0,0.31562419199999997,0.5114942528735632,0.04097960055172414
40,10.0,0.1562498,0.1640625,0.012580049420657843,12.420444051946284,0.0003945466685293714,6.473031280560001e-05,4344.0,0.35055221823204424,0.1032494532688766,0.07386066784530387
40,11.0,0.10677069666666666,0.16015625,0.01232420223346346,8.663497615833993,0.00030768632360148295,4.92778877643e-05,3307.0,0.4075423778409435,0.8791826523283943,0.057319672016933776
40,12.0,0.12239567666666666,0.18359375,0.011396087210616463,10.740149176170245,0.0003912073761661277,7.1823229218e-05,4820.0,0.42588510980912864,0.1620412992738589,0.11699350884647304
40,13.0,0.21093723,0.33984375,0.010866637191552217,19.411454186027647,0.00019731091729655173,6.705488205e-05,4500.0,0.43837083957333334,0.43387586805555556,0.4445170912
40,14.0,0.14583314666666666,0.25,0.012090158979787918,12.062136396259765,0.0002624379072588,6.56094768147e-05,4403.0,0.42406435982739044,0.35887196939586646,0.3890958377469907
40,15.0,0.11718735,0.21875,0.012347249601093789,9.490967930997272,0.00019114260219154285,4.18124442294e-05,2806.0,0.44429025271560946,0.3018503875623664,0.04527605012116893
40,16.0,0.11197902333333333,0.20703125,0.010463955370766054,10.701404905278707,0.0001669821196944906,3.4570516968e-05,2320.0,0.45027666248275866,0.8462890625,0.20573593613793104
40,17.0,0.11718735,0.1640625,0.0078303249473981,14.965834851967362,0.00012170638485942858,1.9967453766000002e-05,1340.0,0.46723877588059703,0.6372901119402985,0.35476384226865676
40,18.0,0.13541649333333333,0.12109375,0.01072848791200696,12.622141577079077,0.00043142774634859357,5.22432036594e-05,3506.0,0.47417308107244727,0.5640408852681118,0.08210568862521392
40,19.0,0.11458318666666666,0.1953125,0.009451017800762202,12.123899148452116,0.000120772697071104,2.3588417396700003e-05,1583.0,0.4595248422488945,0.23641819330385344,0.23421153718256477
40,20.0,0.14843731,0.234375,0.011422805607003587,12.99482063399465,0.00019982553532032002,4.6834109840700004e-05,3143.0,0.4734473492586701,0.16345102211263124,0.35306108411072223
50,1.0,0.13281233,0.19140625,0.01400652750789833,9.482173931055122,0.0004316035379492571,8.261161468560001e-05,5544.0,0.018459168225108225,0.280271323728355,0.4506894858874459
50,2.0,0.13020816666666665,0.16796875,0.007674770209546263,16.965741398316684,0.00018931447174906047,3.1798915176600006e-05,2134.0,0.038947079887535145,0.5167196286316776,0.23595227201499533
50,3.0,0.09114571666666667,0.140625,0.007861154651492707,11.594443908994915,0.0001571435300032,2.20983089067e-05,1483.0,0.010322693567093729,0.6257533293998652,0.25067498411328387
50,4.0,0.11458318666666666,0.171875,0.011850120604552818,9.669368818292346,0.0002212513085952,3.80275686648e-05,2552.0,0.026055631034482756,0.07427844582680251,0.10715985742946708
50,5.0,0.13281233,0.203125,0.008639790628849725,15.372169963993933,0.0001376951943744,2.7969336357300003e-05,1877.0,0.053433492338838574,0.9205368440330315,0.1433311211507725
50,6.0,0.14583314666666666,0.24609375,0.013736201080646169,10.61670150360135,0.00036299988917028577,8.93320039755e-05,5995.0,0.0667116724203503,0.6066611499165971,0.06036427676396997
50,7.0,0.13020816666666665,0.19921875,0.009942971448140225,13.095498397616472,0.0002439149821936941,4.85924378589e-05,3261.0,0.07451323495860165,0.7573153844679547,0.47352349262189514
50,8.0,0.12239567666666666,0.2421875,0.011926699255652467,10.262326067177321,0.00026782729319101936,6.486442256970001e-05,4353.0,0.09188592804962095,0.1907134806455318,0.4608407503790489
50,9.0,0.21874971999999998,0.17578125,0.007586104384406426,28.835580017808578,0.00030534375998464,5.36737078098e-05,3602.0,0.24338195953359246,0.8958152588839534,0.47883269023875624
50,10.0,0.1562498,0.1328125,0.00848932617290393,18.405441941754475,0.00033569164062720005,4.45840460208e-05,2992.0,0.2248457594117647,0.44909863803475936,0.4754352332085562
50,11.0,0.12239567666666666,0.16796875,0.010667817449224765,11.47335687447119,0.0002309210730847256,3.8787523994700006e-05,2603.0,0.23057845913177105,0.3771894808874376,0.0503879448636189
50,12.0,0.09114571666666667,0.16015625,0.009422322169733746,9.673381468471083,0.00011350992282848781,1.8179323578000003e-05,1220.0,0.2516947321967213,0.9269595286885246,0.33683955777049185
50,13.0,0.08593739,0.1328125,0.010661618953653168,8.06044470108865,0.0002623151924419765,3.4838736496200006e-05,2338.0,0.2930791056287425,0.8800590782720273,0.4225380476304534
50,14.0,0.14062481999999998,0.2265625,0.008954683338184473,15.704052805569237,0.0001755409460881655,3.97709955981e-05,2669.0,0.3476773133907831,0.2636199185088048,0.2658409267890596
50,15.0,0.14062481999999998,0.15234375,0.011816759152675223,11.900455800367533,0.0005968503470592,9.09264200598e-05,6102.0,0.35927709616519177,0.10755566822353327,0.07843719677482792
50,16.0,0.18229143333333334,0.2109375,0.011723722027157902,15.548938546227623,0.00033258338469546674,7.01543077092e-05,4708.0,0.42135701525913344,0.4772129885301614,0.19966627942225998
50,17.0,0.11458318666666666,0.1953125,0.012270317974519485,9.338241022328015,0.000339048557033472,6.622042129560001e-05,4444.0,0.43200430163816383,0.15394791432268226,0.12229853789378937
50,18.0,0.10677069666666666,0.18359375,0.008863568466437911,12.046017026997214,0.00011793035634219575,2.1651276359700003e-05,1453.0,0.4182808781830695,0.5260963308671713,0.43061927355815555
50,19.0,0.10677069666666666,0.18359375,0.011032838227649878,9.67753668308885,0.00014658102102822128,2.6911359329400003e-05,1806.0,0.4441228334883721,0.8815147425249169,0.20382526724252492
50,20.0,0.14583314666666666,0.12890625,0.008415695792912835,17.328709384847073,0.00035233750710458183,4.54185067752e-05,3048.0,0.47087365102362205,0.05429790026246719,0.2660068700787402
50,21.0,0.08333322666666666,0.14453125,0.0072137479568271995,11.552001423587145,0.00011608992240363243,1.67786215974e-05,1126.0,0.4602199447246892,0.6566940497335702,0.3779616767317939
50,22.0,0.0781249,0.140625,0.008442892805701928,9.253333164106758,0.0001856476497408,2.6106700744800003e-05,1752.0,0.4533133550684932,0.1371267658390411,0.34542911534246573
60,1.0,0.11197902333333333,0.1875,0.00839843072017664,13.333327030288121,0.00010649308675200002,1.9967453766000002e-05,1340.0,0.060755149970149254,0.9273058535447761,0.11653713170149253
60,2.0,0.14583314666666666,0.28515625,0.014572252423892087,10.007591306033405,0.0003267036328146411,9.31615827948e-05,6252.0,0.06828172499040308,0.6043453594849648,0.0605248520537428
60,3.0,0.16145812666666665,0.25390625,0.010510475572223513,15.3616385440597,0.00021285901757952,5.4046234932300004e-05,3627.0,0.07975105376344087,0.7830755014474773,0.46042690408602155
60,4.0,0.08333322666666666,0.10546875,0.006415019073005981,12.99033186313162,0.00010695226092373335,1.12801212693e-05,757.0,0.09914986589167767,0.8276605845442536,0.056962989907529724
60,5.0,0.08593739,0.12890625,0.010605489052101931,8.103104871242863,0.00033453567767738183,4.31237397006e-05,2894.0,0.11933266250172772,0.20462460046648237,0.3905099442709053
60,6.0,0.08854155333333333,0.11328125,0.0063206800186804855,14.008232195215191,0.0001419323198419862,1.6078270607100002e-05,1079.0,0.15405935421686748,0.736684719647822,0.30280419469879516
60,7.0,0.10937485999999999,0.19921875,0.011284420039670237,9.69255483361077,0.0001872183993961412,3.72974155047e-05,2503.0,0.16216436212544946,0.0958256342389133,0.17941237030763085
60,8.0,0.15885396333333332,0.18359375,0.009909290397123087,16.030811184971686,0.00024982080992517444,4.5865539322200007e-05,3078.0,0.20920719875243665,0.40301763523391815,0.46742260740740743
60,9.0,0.09635404333333333,0.16796875,0.012032751437158715,8.00764844487516,0.00020359733489413954,3.4197989845500004e-05,2295.0,0.2555276682875817,0.07846200980392157,0.2191800625359477
60,10.0,0.15885396333333332,0.26171875,0.012366450480703641,12.845558519900745,0.00033045357567847166,8.64858967596e-05,5804.0,0.28290290365265336,0.1727613768521709,0.4466890431977946
60,11.0,0.14062481999999998,0.26953125,0.015315048694402023,9.182133390891623,0.0003443714146025739,9.281885784210001e-05,6229.0,0.27689340537485957,0.7938987497993257,0.18966460165034515
60,12.0,0.13802065666666666,0.18359375,0.013441087246102032,10.268563408566013,0.00038073730323554043,6.990098926590001e-05,4691.0,0.3304161927435515,0.7382204620549989,0.47419305434235776
60,13.0,0.13020816666666665,0.16015625,0.01007368028896209,12.92558061519364,0.00029754486328320003,4.7653669510200005e-05,3198.0,0.3639777756097561,0.12449309138524077,0.2050311843902439
60,14.0,0.13020816666666665,0.2265625,0.013807332006444253,9.430363998337622,0.0003153686161456552,7.14507020955e-05,4795.0,0.38416302201459857,0.8706750195516163,0.38391414686965586
60,15.0,0.20572890333333332,0.1640625,0.007903492320044846,26.030126303983803,0.00024068799990857142,3.9487874985000005e-05,2650.0,0.42265148286792453,0.6038399174528302,0.03639141627169811
60,16.0,0.11718735,0.20703125,0.01132568522901273,10.347042817312637,0.00019181351249388678,3.9711391258500004e-05,2665.0,0.435859431804878,0.4851357293621013,0.17439785912195122
60,17.0,0.15104147333333331,0.17578125,0.010494563803865087,14.392353618137575,0.00031839843489792,5.59684748844e-05,3756.0,0.44378152,0.08201980997071352,0.48358596000000004
60,18.0,0.12499984,0.22265625,0.012386995611121448,10.09121532971006,0.0002449424650509474,5.4537970734e-05,3660.0,0.44301991265573776,0.14612149931693988,0.13137026649180328
60,19.0,0.14583314666666666,0.22265625,0.014126563235000509,10.323328062224288,0.0004953057879349894,0.00011028292934490001,7401.0,0.4531111728252939,0.2886233701526821,0.25318515443858935
70,1.0,0.13541649333333333,0.1953125,0.010880668828296932,12.445603801593604,0.000290449562697216,5.6728430214300006e-05,3807.0,0.010323780866824271,0.24081666995009193,0.10745905147360127
70,2.0,0.11979151333333332,0.203125,0.014034089604297738,8.535752350950423,0.00025543668983040005,5.18855776218e-05,3482.0,0.009829544767375072,0.28053202182653647,0.4336391962780012
70,3.0,0.10677069666666666,0.2109375,0.013189173037537652,8.095329128125547,0.0002814384461824,5.936592224160001e-05,3984.0,0.030433668795180724,0.7880163231049196,0.17610484927710846
70,4.0,0.17187478,0.1484375,0.011002860300542438,15.620918134489687,0.00037253339664101054,5.5297926063900005e-05,3711.0,0.04092446913500404,0.9389105025599569,0.2453578711075182
70,5.0,0.10677069666666666,0.20703125,0.011994145685162388,8.901900933115195,0.00017403567475055093,3.60308232882e-05,2418.0,0.09700819096774194,0.3828011915839537,0.49012649806451614
70,6.0,0.09374988,0.15625,0.009027182565152121,10.385286807193333,0.00011835037670976,1.84922463609e-05,1241.0,0.08292812170829976,0.7469215854149879,0.47103557144238517
70,7.0,0.18489559666666666,0.23828125,0.014375067055102839,12.862242378273478,0.0004775851452067672,0.0001137995853813,7637.0,0.1551818671205971,0.10952947001440357,0.0937154902500982
70,8.0,0.13802065666666666,0.1484375,0.01094906629275929,12.60570106858709,0.0004362786693079579,6.47601149754e-05,4346.0,0.15166700344224573,0.841020298838012,0.22059335425678786
70,9.0,0.12239567666666666,0.1875,0.010111368260835205,12.104759070119824,0.00021115830708959998,3.95921825793e-05,2657.0,0.19030974873917952,0.7886082165035755,0.07741985378998871
70,10.0,0.10937485999999999,0.1953125,0.012601879825697609,8.679249565367543,0.000265425276759552,5.18408743671e-05,3479.0,0.2260100611440069,0.3621618101465938,0.04421046277665996
70,11.0,0.18489559666666666,0.234375,0.01043564533726165,17.717696480779782,0.00038210355306240003,8.955552024900001e-05,6010.0,0.2663558463094842,0.7085827007071548,0.09934393765058236
70,12.0,0.12499984,0.20703125,0.014366663172076447,8.700687035174187,0.0002615573374869736,5.41505425266e-05,3634.0,0.253544966119978,0.0972811038112273,0.22672100737479361
70,13.0,0.11197902333333333,0.1328125,0.0112398109078422,9.962714164097168,0.0004558539892608,6.054310794870001e-05,4063.0,0.2917191184444991,0.6043294671425056,0.3017625681516121
70,14.0,0.17968726999999998,0.3046875,0.014595116530033652,12.311465251424455,0.00036547547063040003,0.00011135580745770001,7473.0,0.28350452855881175,0.7988268182122307,0.1863793443918105
70,15.0,0.20312474,0.36328125,0.015938844841492678,12.744006358052815,0.000386800118660129,0.00014051723060700002,9430.0,0.34050110008059387,0.25276295731707316,0.273874232602333
70,16.0,0.15104147333333331,0.16796875,0.011524088201340758,13.106587757264869,0.00037099958802932093,6.231633705180001e-05,4182.0,0.376656529928264,0.888848412840746,0.38438494450502153
70,17.0,0.10937485999999999,0.1953125,0.011450922644260628,9.551619847403327,0.00022163277636864,4.32876516345e-05,2905.0,0.38405802068158346,0.17386510327022375,0.19299649387951806
70,18.0,0.13802065666666666,0.1484375,0.013229332389816948,10.432926817448905,0.0006984875704198738,0.0001036817487342,6958.0,0.4217436745731532,0.2911116251077896,0.27823117907444667
70,19.0,0.10416653333333332,0.16796875,0.005080251880409014,20.504206442013427,8.34793429783814e-05,1.4021920890900001e-05,941.0,0.4191984984484591,0.83522765010627,0.4165915710095643
70,20.0,0.09374988,0.16796875,0.010679991439101881,8.778085688042813,0.00013191687886169305,2.2157913246300002e-05,1487.0,0.4535257597848016,0.3784228942501681,0.04784158902488231
70,21.0,0.08072906333333332,0.16796875,0.009864977247195563,8.183400864536525,8.968928347624186e-05,1.5064996833900001e-05,1011.0,0.4944735734124629,0.29080891444114737,0.4260989184569733
80,1.0,0.09114571666666667,0.1171875,0.008250625750369353,11.04712774816945,0.00023803589062656,2.78948309328e-05,1872.0,0.01864228,0.2482075487446581,0.1957502
80,2.0,0.2526038433333333,0.31640625,0.02107576789756974,11.985510780011067,0.0008432792532366223,0.0002668188262194,17906.0,0.03690759794482296,0.5393589701077851,0.3921371062571205
80,3.0,0.12239567666666666,0.20703125,0.00937153530943046,13.060365524472964,0.00017108469763526036,3.54198788073e-05,2377.0,0.02568307607909129,0.817842540492217,0.17123036728649557
80,4.0,0.08333322666666666,0.1484375,0.008223752911592913,10.133235709111949,8.281866133894737e-05,1.2293395042500001e-05,825.0,0.0826797125818182,0.7987926136363637,0.47531128320000005
80,5.0,0.24999968,0.2890625,0.013146394458579902,19.016596587579148,0.0004815257394193297,0.0001391910340509,9341.0,0.15355525203725512,0.1453550710577026,0.0837815507204796
80,6.0,0.18749976,0.265625,0.009233478486705863,20.30651398278098,0.0002889618383808,7.675548831990001e-05,5151.0,0.2418983293651718,0.6992399837410211,0.07320844319161328
80,7.0,0.09114571666666667,0.14453125,0.010302109317310007,8.84728688653304,0.0003143500651942054,4.5433407860100006e-05,3049.0,0.18490710391603804,0.07185117046572646,0.24493751866185637
80,8.0,0.16145812666666665,0.2578125,0.013985603341610116,11.54459501838542,0.0002753503746466909,7.098876846360001e-05,4764.0,0.21585337793450882,0.6076703203715366,0.16145955989924435
80,9.0,0.16145812666666665,0.19921875,0.017774738048700025,9.08357277751697,0.0008076645132559059,0.0001609019147502,10798.0,0.32425572348953513,0.7310963980598258,0.45208505798851645
80,10.0,0.27083298666666666,0.34765625,0.013494677604054893,20.069615192977007,0.0005167816791422562,0.0001796623806393,12057.0,0.32914097465041053,0.24188068912250146,0.2779168105100771
80,11.0,0.15364563666666667,0.27734375,0.015993751278601618,9.606604103705955,0.0004356254516973972,0.00012081799636920001,8108.0,0.36953931321164285,0.14322996962876172,0.20413283721756292
80,12.0,0.14062481999999998,0.23828125,0.012352190757795454,11.38460559405236,0.0002615868354589377,6.23312381367e-05,4183.0,0.38446581217308157,0.8718286815682524,0.3823175202486254
80,13.0,0.13020816666666665,0.19140625,0.012591239954212328,10.341171095155426,0.0003509503515648,6.717409072920001e-05,4508.0,0.4471340698136646,0.8246199464840284,0.32596827598935224
90,1.0,0.13541649333333333,0.23828125,0.015283737369669785,8.860168822454654,0.00021355941742583608,5.08872049335e-05,3415.0,0.004857921311859443,0.5407130765007321,0.11487262411713031
90,2.0,0.21354139333333333,0.3046875,0.024650821734252055,8.662648070535509,0.0010818523867008,0.0003296268990729,22121.0,0.029253978102255773,0.5469908401518919,0.39335153415487545
90,3.0,0.20833306666666665,0.32421875,0.015028292878640628,13.862723354477987,0.00040283916074718075,0.0001306080091485,8765.0,0.13104621864232743,0.8065401276383343,0.3923473804997148
90,4.0,0.26562466,0.23828125,0.012145563541796625,21.87009759455819,0.0005439980592056656,0.00012962453754510002,8699.0,0.1687325941096678,0.7141930825382228,0.2811262417473273
90,5.0,0.16927061666666665,0.31640625,0.015983648000177857,10.590236763521263,0.0004396298351928889,0.0001391016275415,9335.0,0.15435213398178899,0.1850826024370648,0.07067072327370112
90,6.0,0.08072906333333332,0.1484375,0.009458127754036028,8.535416885110706,0.00018430916632522108,2.73583918764e-05,1836.0,0.17618823189542485,0.07216350081699346,0.25156845150326795
90,7.0,0.18749976,0.30859375,0.01827941508239259,10.257426682137478,0.0004960529666517872,0.0001530788451777,10273.0,0.21550406295337293,0.6237725713034167,0.16359628188844544
90,8.0,0.18749976,0.31640625,0.012641141151431312,14.832502679457072,0.00024677668306488887,7.8081684876e-05,5240.0,0.2440624715725191,0.7655340529580152,0.052319388366412214
90,9.0,0.09114571666666667,0.16796875,0.01127243930967951,8.085713674093673,0.0002186786189603721,3.67311742785e-05,2465.0,0.28073346615821504,0.47081326064908724,0.18545290378904666
90,10.0,0.08854155333333333,0.15234375,0.008119377406084398,10.904968312839253,0.00010465910707199999,1.5944160843000003e-05,1070.0,0.2690632714766355,0.04456410630841121,0.3350842035140187
90,11.0,0.19531225,0.22265625,0.01777787029420975,10.986256889477541,0.0008864775661379369,0.0001973797705854,13246.0,0.3210520254265438,0.7284811216593688,0.4495363864593085
90,12.0,0.16145812666666665,0.2578125,0.014229576360652488,11.346657312520518,0.0004344108765416727,0.00011199655410840001,7516.0,0.321348527897818,0.21092138853778605,0.28314393113358166
90,13.0,0.12499984,0.15234375,0.013041069407973227,9.585091229065608,0.0004341885759744,6.61459158711e-05,4439.0,0.3876927800315386,0.7610860413381392,0.07042231774724036
100,1.0,0.11979151333333332,0.22265625,0.012482252179818324,9.59694705792083,0.00020686261187772631,4.6059253425900003e-05,3091.0,0.00815937837593012,0.5053039570527338,0.11272301598188289
100,2.0,0.25781217,0.30859375,0.017197694512558707,14.991089056252937,0.0010773808811383899,0.0003324730062888,22312.0,0.025570360487629975,0.5438131316668161,0.3949985616206526
100,3.0,0.12760400333333333,0.18359375,0.011104939253998511,11.490743030168982,0.00028066288522457874,5.1527951584200004e-05,3458.0,0.03418976661654135,0.9214897972093696,0.022063817142857146
100,4.0,0.0781249,0.109375,0.009106246362764732,8.579264922971031,0.00021048846784457143,2.3022176170500003e-05,1545.0,0.05554192900970874,0.9301198422330097,0.28927287394174755
100,5.0,0.12239567666666666,0.22265625,0.012921868651106517,9.471979631690944,0.00021148037966147367,4.7087428284000006e-05,3160.0,0.09319905432911393,0.41560274920886076,0.00865738982278481
100,6.0,0.11458318666666666,0.1875,0.009068667456806062,12.635063223171958,0.0001914491387952,3.58967135241e-05,2409.0,0.12018376767123287,0.6092647364051473,0.3169121647820673
100,7.0,0.13020816666666665,0.2890625,0.01607126842237139,8.101922215760853,0.0003766221017233297,0.00010886732627940001,7306.0,0.13478639914590748,0.7930216816657542,0.38749221779359433
100,8.0,0.13541649333333333,0.2109375,0.0145484543056125,9.307964302509607,0.0006403007219370667,0.00013506343353360001,9064.0,0.17873763060900266,0.7101578876599736,0.2621302951985878
100,9.0,0.11718735,0.19921875,0.010014575422203763,11.701679308358763,0.00011077524950287059,2.2068506736900003e-05,1481.0,0.15567592869682648,0.8509769581363943,0.06731736016205267
100,10.0,0.18489559666666666,0.35546875,0.018448080315804968,10.022484372439642,0.0005851547966427429,0.0002080042441191,13959.0,0.21876678987320008,0.6202380072892041,0.1648878779969912
100,11.0,0.13541649333333333,0.16796875,0.013526111852048437,10.011487027059104,0.0004623744267835535,7.766445449880001e-05,5212.0,0.2275973134305449,0.41155851280698386,0.45290387042210284
100,12.0,0.15364563666666667,0.22265625,0.010878374194555441,14.12395215670788,0.0002851638916890947,6.349352275890001e-05,4261.0,0.2312863527247125,0.2099740011147618,0.4121536987561605
100,13.0,0.08593739,0.078125,0.006985699413185956,12.301902059769086,0.00029258578222848,2.28582642366e-05,1534.0,0.2788276149152542,0.02912371659061278,0.390172006779661
100,14.0,0.21614555666666666,0.22265625,0.014367444566543425,15.044119757384788,0.0008099832389376001,0.00018034783054470002,12103.0,0.32354127518796993,0.732697342601008,0.448426701783029
100,15.0,0.10677069666666666,0.2109375,0.00831761387167004,12.83669791769606,0.00011140271828053333,2.3499010887300003e-05,1577.0,0.32278373296131896,0.18987793278376663,0.2874665675079265
100,16.0,0.19270808666666667,0.28125,0.010463350351685502,18.417436116494375,0.000301730412464,8.486167850550001e-05,5695.0,0.3711960289938543,0.13970382462686567,0.20320747473924494
100,17.0,0.09374988,0.140625,0.01112601594857236,8.426186016031151,0.0003068696310784,4.31535418704e-05,2896.0,0.39280237624309394,0.9192069880870166,0.3750934587845304
100,18.0,0.15364563666666667,0.296875,0.01615630038820697,9.509951720061967,0.00036550635870922105,0.00010850970024180001,7282.0,0.41451203620983246,0.16555537197885195,0.09761013574292776
100,19.0,0.22135388333333333,0.3125,0.011247642681792371,19.680024481188394,0.00023379206164704,7.30600192647e-05,4903.0,0.4366304725759739,0.577435052518866,0.2864645047685091
100,20.0,0.11197902333333333,0.171875,0.007769703683126997,14.412264341111426,0.00011001877374894547,1.89094767381e-05,1269.0,0.44192379725768327,0.8788046690307328,0.014526041418439717
100,21.0,0.09374988,0.16796875,0.009035345242831914,10.375904570373264,9.314910746790698e-05,1.5646139145000002e-05,1050.0,0.4934250761142857,0.5771242559523809,0.38304589440000003
100,22.0,0.13281233,0.21875,0.009675847858201594,13.726169731722635,0.00010177015241417142,2.2262220840600003e-05,1494.0,0.4935340758232932,0.5450369185073628,0.10128247582329318
110,1.0,0.16666645333333333,0.234375,0.013310381112515018,12.521538784237068,0.00032996962402559996,7.733663063100001e-05,5190.0,0.01820616425433526,0.10340423289980732,0.267765601849711
110,2.0,0.17447894333333333,0.2890625,0.018673768582116095,9.343531412316642,0.0006084926483359136,0.00017589240615960001,11804.0,0.06579072475770925,0.7719059746696035,0.013957924757709251
110,3.0,0.10677069666666666,0.22265625,0.012138114670589034,8.796316360841015,0.0002719798300456421,6.0558009033600005e-05,4064.0,0.07605922181102362,0.2531238465797244,0.26927969173228344
110,4.0,0.09374988,0.1796875,0.010761101780438194,8.711922060845193,0.00014387969280834782,2.58533823015e-05,1735.0,0.09072608258213256,0.32990814121037465,0.43343166238616715
110,5.0,0.18489559666666666,0.19921875,0.013932664252822299,13.270656158186895,0.0005979320354665413,0.00011911927269060001,7994.0,0.18354343805854392,0.6958744448961721,0.2520868577833375
110,6.0,0.24999968,0.3671875,0.01709215241276121,14.626576803360773,0.000651620004055966,0.00023926672023930003,16057.0,0.17033172048576944,0.19762554882605718,0.06494193941084885
110,7.0,0.10937485999999999,0.18359375,0.012153278024785621,8.999618027081983,0.00022685158016272342,4.16485322955e-05,2795.0,0.2010246139534884,0.3661994074239714,0.21590675944186047
110,8.0,0.11979151333333332,0.19140625,0.014317965655162869,8.366517717559834,0.00036410709722017957,6.96923740773e-05,4677.0,0.22075684813341886,0.4277556727068634,0.4537519119435536
110,9.0,0.22135388333333333,0.34375,0.019601831992342604,11.29250997660854,0.0005829954642039274,0.00020040469082010002,13449.0,0.22565688290876645,0.6033066468696557,0.17110603363818871
110,10.0,0.08072906333333332,0.10546875,0.00798629230817657,10.10845336210407,0.0002259136924928,2.3826834755100003e-05,1599.0,0.2800986614634146,0.04140282989368355,0.40922078048780486
110,11.0,0.2291663733333333,0.21875,0.01261385284121183,18.167833113178844,0.0005146408979177143,0.0001125776964195,7555.0,0.33485033818133686,0.7562319035407015,0.45350955211647914
110,12.0,0.10677069666666666,0.140625,0.008046667512648913,13.268933567694834,0.00015248114610560002,2.1442661171100002e-05,1439.0,0.3248191932175121,0.2845454742876998,0.12394779118832523
110,13.0,0.12239567666666666,0.171875,0.012625461238476065,9.694352891731679,0.000546712677116509,9.39662413794e-05,6306.0,0.4331469470599429,0.27441623057405645,0.37890961613701235
110,14.0,0.19531225,0.296875,0.015377910008924483,12.700831900216066,0.0005561900523011369,0.00016511892177690002,11081.0,0.44327486974821767,0.7579661977709593,0.3205790640844689
110,15.0,0.14843731,0.2890625,0.0149751944807875,9.912212505182378,0.0003209484266807351,9.277415458740001e-05,6226.0,0.48435838851268875,0.18818764053967235,0.1823441113780919
120,1.0,0.16406229,0.296875,0.01996761666494698,8.216418251258313,0.000745317758922442,0.00022126620968010002,14849.0,0.0606470789844434,0.7837927848676679,0.020950562779985183
120,2.0,0.11718735,0.15234375,0.013283605200282479,8.821953696539248,0.0003998564763648,6.09156350712e-05,4088.0,0.07695426575342466,0.056223053754892366,0.029844801135029353
120,3.0,0.13020816666666665,0.1640625,0.010722978675342663,12.142910156678617,0.0004493145417161143,7.371566700030001e-05,4947.0,0.12644310161309885,0.7992604419345057,0.2293429544208611
120,4.0,0.2916662933333333,0.375,0.013985803808973726,20.8544533669342,0.0005091005326368001,0.0001909126997388,12812.0,0.17369002254136748,0.20593578042069935,0.06378540517015298
120,5.0,0.29687462,0.35546875,0.013634979446850388,21.773015585188617,0.00045319209875382857,0.0001610956288539,10811.0,0.2397817475830173,0.581720874572195,0.17183192413652762
120,6.0,0.13281233,0.25390625,0.01631962917707277,8.138195332684782,0.00027858884931072003,7.07354500203e-05,4747.0,0.2259352922856541,0.1837385783126185,0.4145691606825363
120,7.0,0.11197902333333333,0.14453125,0.012336064462549909,9.077370151013856,0.00038136467404177295,5.5119113045100006e-05,3699.0,0.286657716918086,0.6625587151932955,0.07003722523925386
120,8.0,0.20052057666666664,0.24609375,0.01751843497254253,11.446260866393146,0.0007453153687734857,0.0001834174540341,12309.0,0.30521954776504995,0.5161679843001056,0.3269293437192299
120,9.0,0.11458318666666666,0.23046875,0.012591896481093746,9.099756088267478,0.00030653198540322714,7.06460435109e-05,4741.0,0.3295948704830205,0.6997592477852773,0.2698935000379667
120,10.0,0.13281233,0.18359375,0.009002690253890234,14.752515776337997,0.00017149817133589788,3.14859923937e-05,2113.0,0.3229090615428301,0.27685939718409847,0.11709106915286323
120,11.0,0.17447894333333333,0.1953125,0.011913994409164942,14.644873695686302,0.000516431071683072,0.0001008654436881,6769.0,0.35380470162210076,0.4329895479391343,0.08936541099719308
120,12.0,0.26302049666666666,0.28125,0.010983680376553999,23.946481293111542,0.0003865540104192,0.0001087183154304,7296.0,0.36739911171052636,0.23382996676260964,0.3203309542105263
120,13.0,0.15885396333333332,0.328125,0.014899555877493125,10.66165761177445,0.0004151186805970286,0.0001362108170709,9141.0,0.3739475901017394,0.6543176006454436,0.15523340497538562
120,14.0,0.14583314666666666,0.16015625,0.01636112720116264,8.913392388777687,0.0007981980556931122,0.0001278364073571,8579.0,0.3860443331483856,0.9218262800151533,0.3805822449050006
120,15.0,0.2343747,0.37890625,0.01390322906171068,16.857573083181446,0.00036365283515460623,0.00013779033207030002,9247.0,0.48152360305396347,0.18940560114091057,0.18362306154212177
130,1.0,0.14843731,0.21484375,0.018540311556320344,8.006192859763356,0.0006152034818932364,0.00013217262306300002,8870.0,0.012191696523111611,0.6226606538895152,0.3607214465479143
130,2.0,0.21614555666666666,0.3125,0.01957275032038118,11.043187754844727,0.00071529975867168,0.00022353117458490002,15001.0,0.05094269735617626,0.7941928871408572,0.028225389795346976
130,3.0,0.11979151333333332,0.23828125,0.014363100284138342,8.340226759094842,0.0002695914051311213,6.42385770039e-05,4311.0,0.08042360094641615,0.31981141991417306,0.44285806730688937
130,4.0,0.11197902333333333,0.15234375,0.01054656340619839,10.617584043302807,0.0003008704797696,4.5835737152400004e-05,3076.0,0.11147514944083226,0.9162759570058517,0.44831342481144343
130,5.0,0.16145812666666665,0.23046875,0.015899304430061115,10.155043409408195,0.0005603050380730576,0.0001291328017434,8666.0,0.119172323581814,0.6045685906127395,0.29396574546965154
130,6.0,0.14062481999999998,0.17578125,0.007909057641043925,17.780224444215676,0.00011282969032192002,1.9833344001900002e-05,1331.0,0.13734645060856498,0.8500950882794891,0.11201458692712246
130,7.0,0.18749976,0.1875,0.012027582204252124,15.589148077800125,0.000443853648888,8.32225591665e-05,5585.0,0.1761875105747538,0.29827103849597136,0.055119599269471804
130,8.0,0.10937485999999999,0.19140625,0.0070325593383738175,15.552639478373946,7.878477280026124e-05,1.5079897918800002e-05,1012.0,0.17960791162055337,0.6149911993577075,0.4954131339130435
130,9.0,0.08854155333333333,0.109375,0.007481543855894664,11.834663411559362,0.00018841783238125715,2.06082004167e-05,1383.0,0.19001470924078093,0.02225969360086768,0.04816283765726681
130,10.0,0.08333322666666666,0.14453125,0.010324929478585002,8.071069815973912,0.00024589206477145946,3.5539087486500005e-05,2385.0,0.21964533655345914,0.4471337788259958,0.361334570264151
130,11.0,0.10416653333333332,0.17578125,0.011865210187749404,8.779156178866787,0.00041045932422144,7.21510530858e-05,4842.0,0.21254398810408923,0.46034857755059894,0.4691586244361834
130,12.0,0.16145812666666665,0.27734375,0.01476793488706591,10.933019944994157,0.000254293939674862,7.052683483170001e-05,4733.0,0.22863594939361925,0.19010884349249949,0.42097349577857596
130,13.0,0.15104147333333331,0.1640625,0.009983757712116802,15.128719835620771,0.0002994522021504,4.9128876915300006e-05,3297.0,0.2682503985441311,0.517321618137701,0.17598102886260236
130,14.0,0.2343747,0.265625,0.020745453595099772,11.297641621842436,0.001058348678488094,0.0002811238677234,18866.0,0.3042119501325135,0.5209888986801654,0.33116109285275097
130,15.0,0.08072906333333332,0.109375,0.008142174957560928,9.914926141247712,0.0002126682836928,2.3260593528900003e-05,1561.0,0.2777484281358104,0.05320858023702755,0.4020574468673927
130,16.0,0.13541649333333333,0.25390625,0.014558546043738506,9.30151217892907,0.00043786631655935997,0.00011117699443890001,7461.0,0.3177203470848412,0.6771854267189384,0.2638588942822678
130,17.0,0.14322898333333334,0.171875,0.015298469347819692,9.362308089583227,0.0009924230914926547,0.00017057271885030002,11447.0,0.3845119475286101,0.9198653986852451,0.3759045355743863
130,18.0,0.15885396333333332,0.20703125,0.016079102631260563,9.87952916131611,0.0007502679377997284,0.00015532890899760002,10424.0,0.42006769620874906,0.7911366647879893,0.040474777068303915
130,19.0,0.20833306666666665,0.26171875,0.012229868443873276,17.034775772345615,0.00041699551830963585,0.00010913554580760001,7324.0,0.48029578197706174,0.17943895924358275,0.18578933996723104
130,20.0,0.15104147333333331,0.265625,0.014985806292041196,10.078968751487857,0.0003362526226469647,8.931710289060001e-05,5994.0,0.48326132228228225,0.5053341101518185,0.2708652245845846
140,1.0,0.0781249,0.15625,0.009113010104614542,8.572897330645995,9.117079785216e-05,1.4245437164400002e-05,956.0,0.00188774359832636,0.5537681419979079,0.25793646376569035
140,2.0,0.37760368333333333,0.3125,0.015579544505310917,24.2371452647163,0.00086240326880448,0.0002695010215014,18086.0,0.059126426168306975,0.7777193426545395,0.04117513027092779
140,3.0,0.16145812666666665,0.2421875,0.01782531240100107,9.057800673249304,0.000807050449066529,0.0001954575306333,13117.0,0.1285795314172448,0.6191434541053594,0.2945284709613479
140,4.0,0.14062481999999998,0.171875,0.01220079440539974,11.525874080606034,0.00034973659046749094,6.0110976486600007e-05,4034.0,0.12273136884481904,0.9046871126673277,0.10810669291026276
140,5.0,0.23177053666666667,0.31640625,0.01321717783287486,17.53555407949402,0.00031548797707093337,9.98223677451e-05,6699.0,0.17902054763994626,0.6967451998432602,0.4832539012270488
140,6.0,0.2291663733333333,0.26953125,0.011969269317882624,19.146229167970052,0.000449910831920974,0.00012126502891620001,8138.0,0.19319064000000002,0.26035458650774146,0.05743368
140,7.0,0.10937485999999999,0.1640625,0.00987426096396026,11.076764164852811,0.00031698155459657145,5.2004786301000004e-05,3490.0,0.21581752146704872,0.6884569752865329,0.2179502837363897
140,8.0,0.24479135333333332,0.2734375,0.010402265099764118,23.53250479444945,0.00031966999414272,8.740976402340001e-05,5866.0,0.2495502023320832,0.10481415679338561,0.41342982243436754
140,9.0,0.11718735,0.2265625,0.011710840259908966,10.00674139507996,0.00029761063358896555,6.74274091725e-05,4525.0,0.30583657893480665,0.6802339433701657,0.26854687812596684
140,10.0,0.08854155333333333,0.1171875,0.007182421964281727,12.327534329457608,0.00021273186165504,2.4929515037700003e-05,1673.0,0.38124715610280935,0.1352851352361028,0.3383252135325762
140,11.0,0.18749976,0.21484375,0.018587880115874644,10.087205148255135,0.0008677351479105163,0.00018642747318390002,12511.0,0.42351668890416433,0.7909533360642634,0.038727695397650065
140,12.0,0.12760400333333333,0.16015625,0.010654424900318414,11.976620467756996,0.0002646083774788683,4.23786854556e-05,2844.0,0.41488348101265826,0.2956360979254571,0.41159531696202534
140,13.0,0.14583314666666666,0.24609375,0.016254999382637508,8.9715873396117,0.0004035081336832,9.930082977360001e-05,6664.0,0.43506568638655463,0.1223803974714886,0.2908232022569028
140,14.0,0.13281233,0.2890625,0.01598868919428028,8.306642801431883,0.00030538041754845404,8.827402694760001e-05,5924.0,0.48814482457798786,0.5236656503207292,0.2663219570560432
150,1.0,0.39322866333333334,0.3984375,0.014233282275283194,27.62740566286629,0.0006980860253952,0.00027814365074340004,18666.0,0.05531496172291867,0.8084014300733955,0.04663819525554484
150,2.0,0.2682288233333333,0.375,0.01863649327756141,14.392666009559022,0.0005932618601520001,0.00022247319755700002,14930.0,0.0779686027273945,0.22121514986604152,0.25849026466979236
150,3.0,0.16927061666666665,0.203125,0.020374691142545864,8.307886263522319,0.000723688381728,0.0001469992025385,9865.0,0.07309757009224532,0.0881355328180436,0.03828788348302078
150,4.0,0.21874971999999998,0.3203125,0.01843336713409035,11.867051657396225,0.0005367995899663609,0.0001719436186611,11539.0,0.13370992830574574,0.8571434374729179,0.37325445140133456
150,5.0,0.19531225,0.25390625,0.01789916276945806,10.911809256981998,0.0008037232549632,0.0002040703577055,13695.0,0.12982493462431544,0.6245345016429353,0.2915957531478642
150,6.0,0.11197902333333333,0.1953125,0.011218725939810303,9.981438528235122,0.000196379609766912,3.8355392532600006e-05,2574.0,0.13505058424242422,0.8429517531080031,0.45382723636363637
150,7.0,0.15104147333333331,0.17578125,0.014956874764099815,10.098464800672803,0.0005967851388928001,0.000104903637696,7040.0,0.13536009381818181,0.9022161310369318,0.1120297425
150,8.0,0.16406229,0.3125,0.018301612837445615,8.964362401128055,0.00042757769055456004,0.00013361802829830002,8967.0,0.18029974509200403,0.6956331200512992,0.48066790701907
150,9.0,0.17187478,0.2734375,0.02002621852877831,8.58248798958278,0.000708985104636343,0.00019386311454900002,13010.0,0.21157889244581093,0.3197537351076095,0.21053222429515756
150,10.0,0.1562498,0.2265625,0.0097961391340319,15.950140954734543,0.0002501244728262621,5.66688258747e-05,3803.0,0.23914755205890087,0.8818531422561136,0.07260645280042072
150,11.0,0.12239567666666666,0.125,0.009421233392736827,12.991470603098099,0.000436899809268,5.4612476158500004e-05,3665.0,0.2675939602510232,0.06862210095497953,0.38787737503956343
150,12.0,0.09635404333333333,0.15625,0.011953058128247762,8.06103695803395,0.0005075428725619201,7.93035738378e-05,5322.0,0.2943673323111612,0.06414852264186396,0.23467679963923338
150,13.0,0.17447894333333333,0.265625,0.021102121750618905,8.268312797892753,0.0007995676727706354,0.00021238516307970002,14253.0,0.32404786303515054,0.5080492922542622,0.316436272245843
150,14.0,0.14583314666666666,0.265625,0.015674586950383207,9.303795189518622,0.0002784153764092235,7.39540843587e-05,4963.0,0.3687524404110417,0.8055375402982067,0.44312841487809795
150,15.0,0.10416653333333332,0.1484375,0.009744179671290104,10.690128553381031,0.00023299650056690527,3.4585418052900005e-05,2321.0,0.402133186660922,0.3089589616544593,0.41153946643688066
150,16.0,0.1901039233333333,0.2265625,0.0180567288856645,10.5281485111215,0.0009186796309327448,0.00020813835388320002,13968.0,0.4188530720274914,0.7858291049183849,0.040473825635738835
150,17.0,0.14062481999999998,0.234375,0.01361290932884365,10.330254657763549,0.00027128716487808,6.358292926830001e-05,4267.0,0.4031588467775955,0.5365999238340755,0.02305020317787673
150,18.0,0.17187478,0.30859375,0.014391051619084477,11.943170280347744,0.00026470966253140253,8.168774742180001e-05,5482.0,0.45560389624224734,0.8132239602334914,0.4018770636993798
150,19.0,0.14583314666666666,0.26953125,0.015539855273732148,9.384459771203678,0.00030047497806469565,8.09873964315e-05,5435.0,0.48605771958049676,0.5258229358325667,0.2718750227194112
160,1.0,0.16406229,0.21484375,0.011602861637419784,14.139812670944146,0.0003546956715222109,7.620414817860001e-05,5114.0,0.011882562096206493,0.8623455526495893,0.028720106374657803
160,2.0,0.08593739,0.16796875,0.0071533608998093695,12.013568335730154,0.00010734325717730233,1.8030312729000002e-05,1210.0,0.03516100244628099,0.6658832644628099,0.03856847047933884
160,3.0,0.13802065666666666,0.2109375,0.015403402335456682,8.96040067387973,0.0003844347450112,8.10917040258e-05,5442.0,0.025070782359426683,0.28732256063947076,0.34301015012127894
160,4.0,0.2291663733333333,0.34765625,0.0209892743509961,10.918260893686286,0.0008054542020769078,0.0002800211874408,18792.0,0.0755629409706258,0.20381636800234143,0.2582805804853129
160,5.0,0.2526038433333333,0.234375,0.01702364107234457,14.83841454714973,0.000727967667648,0.000170617422105,11450.0,0.12619730930305678,0.6222164983624454,0.2859630370375546
160,6.0,0.2682288233333333,0.421875,0.015457755984643272,17.352377900117524,0.0005684223035157334,0.00023980315929570002,16093.0,0.16643487867768594,0.7401381326508419,0.4713182092785683
160,7.0,0.16666645333333333,0.2890625,0.015422413393613919,10.806768634690226,0.00038198327043113513,0.00011041703910900001,7410.0,0.1357070475789474,0.8751175565114709,0.36852079663157894
160,8.0,0.34374956,0.33984375,0.017394645774576716,19.761802824545583,0.001015844295983669,0.0003452283349632,23168.0,0.19280813185773482,0.2468082997021754,0.06034093763121547
160,9.0,0.17968726999999998,0.27734375,0.011834806051625025,15.182950123236477,0.000270197384877431,7.493755596210001e-05,5029.0,0.23650927783654802,0.8656813916782661,0.07801722110956452
160,10.0,0.11197902333333333,0.14453125,0.013739809504641353,8.149969131341045,0.0006501448052196324,9.39662413794e-05,6306.0,0.24885647817316842,0.06998976669045354,0.4054260231398668
160,11.0,0.13802065666666666,0.21484375,0.014230678132420287,9.698810933839367,0.00033076723846097453,7.10632738881e-05,4769.0,0.2872589430069197,0.6434303902809814,0.07501021044244076
160,12.0,0.13281233,0.1796875,0.010841598210086515,12.250253830328967,0.00030840840204855653,5.541713474310001e-05,3719.0,0.3277281792309761,0.35544144091153534,0.15477648851841894
160,13.0,0.17187478,0.3125,0.014930878265009832,11.511364365134808,0.00024599903039712,7.68746969991e-05,5159.0,0.3615172496685404,0.763869118288428,0.4318519061833689
160,14.0,0.18489559666666666,0.2421875,0.015332078878285266,12.059395084937451,0.0007848391803226839,0.00019007823898440002,12756.0,0.4016116014675447,0.7863802450807463,0.03708493490122296
160,15.0,0.12760400333333333,0.2421875,0.015908728941183687,8.0210055627385,0.00035101187862503224,8.501068935450001e-05,5705.0,0.39495099100438213,0.5275512160385627,0.01964965390359334
160,16.0,0.13802065666666666,0.20703125,0.015013207132630942,9.193282650892172,0.0004384000392496302,9.076250812590001e-05,6091.0,0.4014003099392547,0.4278982309965523,0.22677547736660647
160,17.0,0.0781249,0.1640625,0.009710608686378085,8.045314410577843,0.00024150543085165715,3.9621984749100005e-05,2659.0,0.42506399151560736,0.09544530368559609,0.2907056421210982
160,18.0,0.08593739,0.125,0.00879361620191098,9.772701926805103,0.00018775366974,2.34692087175e-05,1575.0,0.44367197927619045,0.04967013888888889,0.0120312192
160,19.0,0.15885396333333332,0.30078125,0.016876276185494362,9.412856342673084,0.00035015769125635324,0.00010532086807320001,7068.0,0.4633213481154499,0.7476080574419921,0.11781696237691001
160,20.0,0.14843731,0.2421875,0.014931334207580395,9.941329283530523,0.0003464588761678452,8.390800907190001e-05,5631.0,0.483190650015983,0.5102030056828272,0.276988557911561
160,21.0,0.08854155333333333,0.1640625,0.004183607576055421,21.163924130956875,5.3133011300571435e-05,8.7171346665e-06,585.0,0.49728104533333334,0.6822849893162393,0.371353216
170,1.0,0.16406229,0.19921875,0.010800937023458431,15.189634903312092,0.00029200984068818826,5.8173835449600004e-05,3904.0,0.018834800655737706,0.28682721247438525,0.3447321837295082
170,2.0,0.1562498,0.25,0.013078802371619291,11.9467972342069,0.0002340066372696,5.850165931740001e-05,3926.0,0.005775285298013245,0.6671558599719817,0.3687511454304636
170,3.0,0.10677069666666666,0.18359375,0.013232410066581924,8.068877561186909,0.0002957592694500766,5.4299553375600005e-05,3644.0,0.03211874753018661,0.6907448459796927,0.04546256627881449
170,4.0,0.25520800666666665,0.3203125,0.022491299543603353,11.346965797681051,0.0010056327876161561,0.0003221167522833,21617.0,0.0743943832650229,0.19664572442984687,0.256544846348707
170,5.0,0.10937485999999999,0.15625,0.010574076308897179,10.343679845394195,0.00021657832837056,3.3840363807900006e-05,2271.0,0.05464435867899604,0.9223738166006165,0.1776719980977543
170,6.0,0.17708310666666666,0.21875,0.018818703666782326,9.409952449553865,0.0007270367046294859,0.00015903927913770002,10673.0,0.06810611605359318,0.10080196523938911,0.04038967249695494
170,7.0,0.24479135333333332,0.23828125,0.014120181548447935,17.33627520959462,0.000515106565545128,0.00012274023632130002,8237.0,0.12021729839504675,0.6260271867791671,0.27562964372465704
170,8.0,0.12760400333333333,0.2265625,0.01250795779065373,10.201825547307358,0.00020520335398841382,4.6491384888000004e-05,3120.0,0.138686544,0.8939590845352564,0.363669692
170,9.0,0.45312441999999997,0.3828125,0.018031255602164516,25.129942694928346,0.0010126023120681795,0.0003876368225886,26014.0,0.18335497743676482,0.2591507217267625,0.05852009709848543
170,10.0,0.13802065666666666,0.1953125,0.015168397573440096,9.099224621349666,0.000424268457619968,8.286493312890001e-05,5561.0,0.2016760594137745,0.22932518319546843,0.336229204099982
170,11.0,0.16145812666666665,0.16015625,0.01237119418432931,13.051135101507576,0.0005789936473456391,9.272945133270001e-05,6223.0,0.24137022914992767,0.06482755503776313,0.40795570378274143
170,12.0,0.14843731,0.28515625,0.018514228076830928,8.017472258849256,0.0005437222168004385,0.00015504578838450002,10405.0,0.31971363672080727,0.5462165124939933,0.30494463320326765
170,13.0,0.14583314666666666,0.2265625,0.013023248769327736,11.197908390580073,0.0003055688405865931,6.92304404454e-05,4646.0,0.3584088704606113,0.7127561006780025,0.4263531480671546
170,14.0,0.19791641333333332,0.328125,0.01627139563952123,12.163456517068429,0.00036979667608594285,0.00012133953434070001,8143.0,0.46223008510868235,0.7493356065025175,0.11106112387080928
170,15.0,0.11458318666666666,0.1953125,0.008229740687500743,13.923061614893236,7.6217261133312e-05,1.4886183815100002e-05,999.0,0.4649891906306306,0.7841396083583584,0.3436826474474475
170,16.0,0.0781249,0.16015625,0.005464903034353713,14.295752277558783,6.475648056444879e-05,1.0371155090400001e-05,696.0,0.49702414068965517,0.6777455998563219,0.37704476482758625
180,1.0,0.10416653333333332,0.1875,0.01209595676017342,8.61168201892943,0.0002365100195328,4.4345628662400006e-05,2976.0,0.01354058193548387,0.5039955057123656,0.45582709983870967
180,2.0,0.12239567666666666,0.26171875,0.014864319512602692,8.234193066348826,0.000365355030173803,9.562026180330001e-05,6417.0,0.025773148723702666,0.6860079914679756,0.05078659859747545
180,3.0,0.17447894333333333,0.21875,0.014442817130719807,12.080672472285023,0.0007136172133138287,0.0001561037654124,10476.0,0.06675993851088202,0.10389819587628867,0.04382271051546392
180,4.0,0.24999968,0.3046875,0.022459254516469265,11.131254593364906,0.0012009388005888,0.0003659110408044,24556.0,0.1692256469653038,0.3001338140373025,0.048398020902427105
180,5.0,0.0781249,0.16015625,0.007690669778273247,10.15840001617402,9.527390243964879e-05,1.5258710937600001e-05,1024.0,0.1675715925,0.3167266845703125,0.49596087328125
180,6.0,0.14583314666666666,0.18359375,0.014233146760332905,10.246022831233402,0.0005113291431217021,9.387683487e-05,6300.0,0.2610999020190476,0.47236483134920637,0.15562243146666668
180,7.0,0.09374988,0.18359375,0.010757367887447376,8.71494597757463,0.0001714170079798468,3.14710913088e-05,2112.0,0.2832051743181819,0.1611956972064394,0.0106302625
180,8.0,0.2343747,0.2578125,0.01877404445578187,12.483974912918631,0.0008125263574272001,0.00020947945152420002,14058.0,0.31466002482287664,0.5488870327393655,0.3036162412974819
180,9.0,0.14322898333333334,0.265625,0.013549445635392458,10.570837153603202,0.00035751384119604707,9.49646140677e-05,6373.0,0.36247430939275066,0.7697310675898321,0.010737716215283227
180,10.0,0.16927061666666665,0.25,0.01439994215974552,11.754951151113378,0.0004901264845308,0.0001225316211327,8223.0,0.4049050766289675,0.39876812750820867,0.224742048245166
180,11.0,0.18489559666666666,0.203125,0.020342996144271767,9.088906833358962,0.0011731601217024,0.0002382981497208,15992.0,0.4412939807303652,0.09453457197348675,0.15628135407703853
180,12.0,0.24479135333333332,0.39453125,0.013027278400480704,18.790674905995758,0.00027654525120076044,0.00010910574363780001,7322.0,0.466439039541109,0.7620447154124557,0.09880941312209779
180,13.0,0.08854155333333333,0.16015625,0.008198225032935156,10.800088187093028,7.936390505959025e-05,1.27106254197e-05,853.0,0.4871099597655334,0.4109759671746776,0.15162210232121923
190,1.0,0.10677069666666666,0.203125,0.00772257686647376,13.825786199706641,6.169507643519999e-05,1.2531812400900001e-05,841.0,0.0018370010939357908,0.5862626337693222,0.35828256228299643
190,2.0,0.14583314666666666,0.22265625,0.01281947889558174,11.375902862707498,0.0003790585032919579,8.43997448736e-05,5664.0,0.05222906330508475,0.10752808306850282,0.047136606355932205
190,3.0,0.21093723,0.3671875,0.021188626922080664,9.9552099706934,0.0005535746699462809,0.0002032656991209,13641.0,0.06114177657356499,0.19318512434938787,0.2592940405893996
190,4.0,0.24999968,0.34375,0.02031780730778038,12.30446160911599,0.0007452493137477819,0.00025617945160080004,17192.0,0.15130136275476966,0.8106500298103769,0.4605271100046533
190,5.0,0.29687462,0.3203125,0.02329716387359665,12.742951099573824,0.001174781180814673,0.00037629709697970003,25253.0,0.16958469250544492,0.3073301315685265,0.05019061308201006
190,6.0,0.09114571666666667,0.17578125,0.005430438581243918,16.78422751736352,5.908511957504e-05,1.03860561753e-05,697.0,0.15814947856527978,0.32735720050215206,0.49693033205164994
190,7.0,0.14062481999999998,0.1953125,0.015430523702517386,9.113418488645204,0.00055389120703488,0.00010818187637400001,7260.0,0.18481788085950415,0.23232610192837466,0.33252917196694215
190,8.0,0.08072906333333332,0.1640625,0.00973445696802417,8.293124475100445,0.00015422197126217142,2.5302042160200003e-05,1698.0,0.2334921602826855,0.31513637367491165,0.18477228353356892
190,9.0,0.12239567666666666,0.1484375,0.012831933606512483,9.538365800501666,0.000516386901730358,7.665118072560001e-05,5144.0,0.2552770365163297,0.4751804286547434,0.15136983751166408
190,10.0,0.13281233,0.2109375,0.011408276478356386,11.64175239370904,0.0001837403108736,3.8757721824900004e-05,2601.0,0.3583663571856978,0.7767144848135332,0.005738463298731258
190,11.0,0.2604163333333333,0.2265625,0.019935377802061862,13.06302473517202,0.0015906548449390347,0.00036038273830650005,24185.0,0.4337550433210668,0.09751605463096961,0.15372536300020673
190,12.0,0.18749976,0.2265625,0.013435065729356698,13.95599871091795,0.00040494777259828966,9.17459797293e-05,6157.0,0.41027542616209195,0.3823683916680201,0.22272070998213417
190,13.0,0.08072906333333332,0.15234375,0.00788739833767833,10.235195418961947,5.633985576960001e-05,8.583024902400001e-06,576.0,0.41752009,0.0768703884548611,0.00138346
190,14.0,0.16927061666666665,0.23828125,0.010768112562568058,15.71961805591469,0.0002228772368098623,5.31074665836e-05,3564.0,0.47327593925925926,0.33405671296296297,0.42162512188552187
190,15.0,0.08854155333333333,0.18359375,0.009014249985038055,9.8223982561273,0.00014844777821739575,2.7254084282100003e-05,1829.0,0.4496212519190814,0.38612501708583924,0.03161726460360853
190,16.0,0.12499984,0.20703125,0.010805619539842973,11.568040086835826,0.00035296565300938865,7.307492034960001e-05,4904.0,0.4895413236215334,0.5824892625917618,0.33932791585644373
200,1.0,0.10156237,0.1953125,0.012586162103724688,8.06936770423004,0.00024101133925939202,4.70725271991e-05,3159.0,0.027425291851851854,0.5827707047325102,0.12621643851851852
200,2.0,0.17708310666666666,0.359375,0.015224649917011054,11.631341780069786,0.0003246207824197565,0.0001166605936821,7829.0,0.056729292200791925,0.19995719041384596,0.2632862639724103
200,3.0,0.12239567666666666,0.1640625,0.008482418127964264,14.429337816201354,0.0002144393840694857,3.51814614489e-05,2361.0,0.08335876452350699,0.6976056226175349,0.40734340208386277
200,4.0,0.29947878333333333,0.34375,0.01816200521313706,16.489301694325714,0.000770304810685091,0.000264792278673,17770.0,0.14358575457062467,0.821192670230726,0.46322994454473837
200,5.0,0.13020816666666665,0.22265625,0.005988801406870742,21.74194096957087,6.304256887376843e-05,1.40368219758e-05,942.0,0.14917731515923568,0.35637274416135883,0.4967725472611465
200,6.0,0.0781249,0.09765625,0.008033066206501141,9.725414678740442,0.00013122491406336,1.2814933014000001e-05,860.0,0.18836933972093026,0.6009765625,0.006172767627906977
200,7.0,0.09635404333333333,0.17578125,0.011678661404933474,8.25043555870453,0.00015911444683264,2.7969336357300003e-05,1877.0,0.19678230290889717,0.5495284196856686,0.4869356041342568
200,8.0,0.18489559666666666,0.26171875,0.012740712766858224,14.512186252846567,0.0004253650351298866,0.00011132600528790001,7471.0,0.23015052637665642,0.5078381198969348,0.16776362277606746
200,9.0,0.13802065666666666,0.234375,0.014723537814048721,9.374150316982366,0.00037835245329024,8.867635623990001e-05,5951.0,0.29612692791127543,0.6011752226516552,0.061008826025878
200,10.0,0.08333322666666666,0.125,0.009893703234873109,8.422854889454893,0.000210403318788,2.6300414848500003e-05,1765.0,0.3082676244305949,0.7550504603399434,0.26719234891784704
200,11.0,0.14062481999999998,0.2734375,0.0138779051408861,10.133000519343593,0.0002796703733277257,7.647236770680001e-05,5132.0,0.3938006743257989,0.5192937694855807,0.4934284425876851
200,12.0,0.20833306666666665,0.34765625,0.017142502077908822,12.153013936929373,0.0004304156607735371,0.0001496366945658,10042.0,0.40222213302529375,0.5626769910127465,0.012648601171081457
200,13.0,0.32552041666666665,0.2578125,0.01904931567786169,17.088299767375513,0.0016491545423581093,0.00042517265545170005,28533.0,0.42905705905162445,0.10452247726316896,0.14633546075070972
200,14.0,0.13020816666666665,0.25390625,0.01491177155542976,8.731904601854936,0.00036080982632448005,9.16118699652e-05,6148.0,0.4132707250227716,0.38099470864508783,0.22193517314248534
200,15.0,0.18749976,0.25,0.01500647396874479,12.494591360403588,0.0005025241871676001,0.00012563104679190002,8431.0,0.46289824305539085,0.22545701874036295,0.41863022574783537
200,16.0,0.08333322666666666,0.15625,0.010409360661284377,8.005604703140763,0.00011987624780352002,1.87306637193e-05,1257.0,0.4755730665393795,0.6351618436754176,0.08580054606205251
